1, 1,  0.002083835,  0.332685589, 25234,  0.333226224,  0.334007772 
1, 2,  0.001197076,  0.324098112, 25234,  0.324591008,  0.325197432 
1, 3,  0.001173647,  0.325721389, 25234,  0.326416422,  0.327057524 
1, 4,  0.001175003,  0.322172511, 25234,  0.322693945,  0.323307534 
1, 5,  0.001163217,  0.323930367, 25234,  0.324422785,  0.325041423 
1, 6,  0.001196923,  0.326321210, 25234,  0.326873723,  0.327527460 
1, 7,  0.001194343,  0.324377915, 25234,  0.324906515,  0.325586135 
1, 8,  0.001224663,  0.326278327, 25234,  0.326778969,  0.327410115 
1, 9,  0.001197330,  0.324179447, 25234,  0.324705414,  0.325418186 
1, 10,  0.001258128,  0.323401460, 25234,  0.324128308,  0.324793083 
1, 11,  0.001249005,  0.322232167, 25234,  0.322728783,  0.323350633 
1, 12,  0.001304984,  0.323434631, 25234,  0.323990911,  0.324631329 
1, 13,  0.001242771,  0.324073068, 25234,  0.324704890,  0.325585191 
1, 14,  0.001191444,  0.327458685, 25234,  0.327952365,  0.328580173 
1, 15,  0.001264777,  0.320633748, 25234,  0.321127856,  0.321750627 
1, 16,  0.001530549,  0.324062766, 25234,  0.324559814,  0.325282625 
1, 17,  0.001419441,  0.327717432, 25234,  0.328210555,  0.328853556 
1, 18,  0.001442660,  0.322026004, 25234,  0.322522729,  0.323137509 
1, 19,  0.001248102,  0.327959516, 25234,  0.328451608,  0.329040604 
1, 20,  0.001401147,  0.323553662, 25234,  0.324187799,  0.325103366 
2, 1,  0.001157168,  0.168990142, 25234,  0.169599921,  0.170514543 
2, 2,  0.001174660,  0.160338320, 25234,  0.160860341,  0.161407344 
2, 3,  0.001164445,  0.165919995, 25234,  0.166553229,  0.167515568 
2, 4,  0.001219768,  0.161527685, 25234,  0.162052289,  0.162633773 
2, 5,  0.001189840,  0.161360746, 25234,  0.161991376,  0.162822135 
2, 6,  0.001280938,  0.162114691, 25234,  0.162777967,  0.163643505 
2, 7,  0.001177928,  0.164123325, 25234,  0.164731259,  0.165551004 
2, 8,  0.001111565,  0.160711318, 25234,  0.161319987,  0.162137765 
2, 9,  0.001123139,  0.161548741, 25234,  0.162212540,  0.163048191 
2, 10,  0.001135981,  0.161781702, 25234,  0.162389255,  0.163204606 
2, 11,  0.001135368,  0.161186134, 25234,  0.161820276,  0.162625435 
2, 12,  0.001159912,  0.161069495, 25234,  0.161568485,  0.162247559 
2, 13,  0.001169548,  0.163629878, 25234,  0.164285911,  0.165123073 
2, 14,  0.001123558,  0.160353430, 25234,  0.160985854,  0.161822458 
2, 15,  0.001141258,  0.161561181, 25234,  0.162056570,  0.162633421 
2, 16,  0.001121372,  0.162190083, 25234,  0.162800063,  0.163757895 
2, 17,  0.001121567,  0.162897085, 25234,  0.163527814,  0.164335530 
2, 18,  0.001134288,  0.161150736, 25234,  0.161678636,  0.162264938 
2, 19,  0.001055652,  0.160426323, 25234,  0.160948818,  0.161606690 
2, 20,  0.001238542,  0.162665237, 25234,  0.163155805,  0.163726386 
3, 1,  0.001147439,  0.133395178, 25234,  0.133925557,  0.134603289 
3, 2,  0.001062402,  0.108954540, 25234,  0.109480760,  0.110071717 
3, 3,  0.001111125,  0.111324148, 25234,  0.111885325,  0.112545980 
3, 4,  0.001125021,  0.108286820, 25234,  0.108895513,  0.109716600 
3, 5,  0.001121152,  0.109303704, 25234,  0.109832188,  0.110391039 
3, 6,  0.001184089,  0.107862110, 25234,  0.108353263,  0.108908200 
3, 7,  0.001148164,  0.111002659, 25234,  0.111520984,  0.112077864 
3, 8,  0.001115193,  0.114634007, 25234,  0.115170561,  0.115809090 
3, 9,  0.001114597,  0.111335833, 25234,  0.111830544,  0.112408990 
3, 10,  0.001088225,  0.109290326, 25234,  0.109805881,  0.110351920 
3, 11,  0.001096955,  0.107440290, 25234,  0.107935437,  0.108467926 
3, 12,  0.001043275,  0.108701518, 25234,  0.109196407,  0.109790602 
3, 13,  0.001141925,  0.109862931, 25234,  0.110382564,  0.110926880 
3, 14,  0.001187167,  0.108070197, 25234,  0.108563694,  0.109146031 
3, 15,  0.001108009,  0.111769418, 25234,  0.112295081,  0.112839759 
3, 16,  0.001173725,  0.110255369, 25234,  0.110774940,  0.111321883 
3, 17,  0.001125265,  0.109464980, 25234,  0.109993776,  0.110635670 
3, 18,  0.001107254,  0.112850264, 25234,  0.113365633,  0.113919140 
3, 19,  0.001085952,  0.108547925, 25234,  0.109041882,  0.109598080 
3, 20,  0.001116698,  0.107706564, 25234,  0.108315434,  0.109143288 
4, 1,  0.001145235,  0.092120134, 25234,  0.092678302,  0.093298509 
4, 2,  0.001086159,  0.082287812, 25234,  0.082794097,  0.083405526 
4, 3,  0.001118741,  0.083807880, 25234,  0.084314330,  0.084897927 
4, 4,  0.001102953,  0.083324222, 25234,  0.083845564,  0.084419033 
4, 5,  0.001121145,  0.094498506, 25234,  0.095020247,  0.095608088 
4, 6,  0.001135314,  0.081590028, 25234,  0.082132867,  0.082750470 
4, 7,  0.001031888,  0.083660707, 25234,  0.084180170,  0.084730636 
4, 8,  0.001078174,  0.084493325, 25234,  0.084993971,  0.085625448 
4, 9,  0.001122592,  0.092295157, 25234,  0.092834554,  0.093404763 
4, 10,  0.001192874,  0.085805575, 25234,  0.086308858,  0.086886646 
4, 11,  0.001118299,  0.086585138, 25234,  0.087149287,  0.087700268 
4, 12,  0.001116439,  0.081347306, 25234,  0.081843722,  0.082357458 
4, 13,  0.001075752,  0.081733461, 25234,  0.082233489,  0.082782631 
4, 14,  0.001067747,  0.086022490, 25234,  0.086518121,  0.087104910 
4, 15,  0.001169204,  0.083641929, 25234,  0.084147529,  0.084767819 
4, 16,  0.001074456,  0.081387263, 25234,  0.081885591,  0.082510412 
4, 17,  0.001091956,  0.086789015, 25234,  0.087320172,  0.087954020 
4, 18,  0.001134131,  0.081035016, 25234,  0.081541619,  0.146046553 
4, 19,  0.002874622,  0.196615582, 25234,  0.197128278,  0.197760362 
4, 20,  0.001272716,  0.090680890, 25234,  0.091199037,  0.091749050 
5, 1,  0.001209105,  0.079014960, 25234,  0.079553510,  0.080127587 
5, 2,  0.001213352,  0.072510679, 25234,  0.073042343,  0.073589475 
5, 3,  0.001112385,  0.075125202, 25234,  0.075718714,  0.076355823 
5, 4,  0.001224121,  0.074201908, 25234,  0.074718253,  0.075287052 
5, 5,  0.001161809,  0.072251051, 25234,  0.072757182,  0.073323518 
5, 6,  0.001110193,  0.072158571, 25234,  0.072658931,  0.073197229 
5, 7,  0.001080376,  0.072127116, 25234,  0.072676919,  0.073261299 
5, 8,  0.001068122,  0.074832398, 25234,  0.075363008,  0.075926345 
5, 9,  0.001117002,  0.075758242, 25234,  0.076290402,  0.076900679 
5, 10,  0.001138995,  0.073569787, 25234,  0.074087760,  0.074635623 
5, 11,  0.001103577,  0.072170138, 25234,  0.072670935,  0.073198111 
5, 12,  0.001066420,  0.072128739, 25234,  0.072661502,  0.073260174 
5, 13,  0.001129135,  0.071979978, 25234,  0.072501448,  0.073151665 
5, 14,  0.001137173,  0.071976515, 25234,  0.072470465,  0.072979162 
5, 15,  0.001090047,  0.075775578, 25234,  0.076290375,  0.076906028 
5, 16,  0.001148548,  0.072311448, 25234,  0.072808351,  0.073333295 
5, 17,  0.001142357,  0.073454435, 25234,  0.073949552,  0.074463718 
5, 18,  0.001073482,  0.074693458, 25234,  0.075200312,  0.075742046 
5, 19,  0.001122608,  0.072177848, 25234,  0.072691404,  0.073265646 
5, 20,  0.001170432,  0.072080944, 25234,  0.072579382,  0.073102247 
6, 1,  0.001122428,  0.063140863, 25234,  0.063655836,  0.064165835 
6, 2,  0.001152927,  0.057191671, 25234,  0.057687177,  0.058197539 
6, 3,  0.001121972,  0.058172035, 25234,  0.058669596,  0.059211403 
6, 4,  0.001036150,  0.057126290, 25234,  0.057621823,  0.058202673 
6, 5,  0.001069659,  0.056496173, 25234,  0.057044315,  0.057650685 
6, 6,  0.001059542,  0.054624832, 25234,  0.055118247,  0.055682350 
6, 7,  0.001099260,  0.057265612, 25234,  0.057766708,  0.058352472 
6, 8,  0.001066535,  0.054567169, 25234,  0.055061025,  0.055603476 
6, 9,  0.001195127,  0.057612826, 25234,  0.058114452,  0.058823446 
6, 10,  0.001153794,  0.057375324, 25234,  0.057872265,  0.058389328 
6, 11,  0.001085620,  0.056717756, 25234,  0.057215128,  0.057749294 
6, 12,  0.001057164,  0.054374255, 25234,  0.054866224,  0.055381741 
6, 13,  0.001074032,  0.056778027, 25234,  0.057280952,  0.057816322 
6, 14,  0.001087268,  0.056836990, 25234,  0.057337050,  0.057882866 
6, 15,  0.001091781,  0.055903653, 25234,  0.056401988,  0.056939941 
6, 16,  0.001106438,  0.056956644, 25234,  0.057453082,  0.058051642 
6, 17,  0.001206556,  0.057052359, 25234,  0.057550285,  0.058111618 
6, 18,  0.001117147,  0.059319448, 25234,  0.059822416,  0.060353084 
6, 19,  0.001106568,  0.056165919, 25234,  0.056659895,  0.057168828 
6, 20,  0.001051845,  0.054501588, 25234,  0.054992876,  0.055506555 
7, 1,  0.001048037,  0.057851410, 25234,  0.058351763,  0.058879254 
7, 2,  0.001049629,  0.056364091, 25234,  0.056863602,  0.057450277 
7, 3,  0.001043323,  0.059377696, 25234,  0.059877505,  0.060427420 
7, 4,  0.001144726,  0.062678826, 25234,  0.063178685,  0.063741019 
7, 5,  0.001081397,  0.063382180, 25234,  0.063875566,  0.064418250 
7, 6,  0.001144666,  0.060619102, 25234,  0.061117268,  0.061641195 
7, 7,  0.001065160,  0.060621373, 25234,  0.061121655,  0.061761150 
7, 8,  0.001131245,  0.058204189, 25234,  0.058697613,  0.059232885 
7, 9,  0.001099788,  0.054780359, 25234,  0.055279260,  0.055884282 
7, 10,  0.001091875,  0.058334366, 25234,  0.058833317,  0.059376283 
7, 11,  0.001143076,  0.058438728, 25234,  0.058936605,  0.059487224 
7, 12,  0.001192908,  0.065784054, 25234,  0.066278038,  0.066919660 
7, 13,  0.001109205,  0.054551833, 25234,  0.055041531,  0.055598302 
7, 14,  0.001109099,  0.067204974, 25234,  0.067704152,  0.068269015 
7, 15,  0.001152635,  0.061452849, 25234,  0.062003885,  0.062650488 
7, 16,  0.001185540,  0.058332958, 25234,  0.058898123,  0.059533103 
7, 17,  0.001080985,  0.064034450, 25234,  0.064544111,  0.065078278 
7, 18,  0.001110236,  0.054417362, 25234,  0.054922176,  0.055456443 
7, 19,  0.001065206,  0.057905095, 25234,  0.058426456,  0.059033856 
7, 20,  0.001065748,  0.054404678, 25234,  0.054904586,  0.055443714 
8, 1,  0.001051065,  0.047824071, 25234,  0.048320678,  0.048871102 
8, 2,  0.001080955,  0.055995438, 25234,  0.056493293,  0.057050934 
8, 3,  0.001196450,  0.056532208, 25234,  0.057025059,  0.057624620 
8, 4,  0.001101788,  0.058354624, 25234,  0.058927192,  0.059682684 
8, 5,  0.001144308,  0.047743827, 25234,  0.048238808,  0.048797821 
8, 6,  0.001173962,  0.055606852, 25234,  0.056129438,  0.056768781 
8, 7,  0.001183432,  0.056010952, 25234,  0.056515152,  0.057041906 
8, 8,  0.001106721,  0.055465703, 25234,  0.056026600,  0.056704272 
8, 9,  0.001077962,  0.055937435, 25234,  0.056460883,  0.056997352 
8, 10,  0.001126961,  0.058406594, 25234,  0.058909786,  0.059503325 
8, 11,  0.001063744,  0.049749667, 25234,  0.050249220,  0.050843549 
8, 12,  0.001114636,  0.056235400, 25234,  0.056732312,  0.057319415 
8, 13,  0.001146253,  0.054670042, 25234,  0.055263857,  0.055885718 
8, 14,  0.001066572,  0.052587862, 25234,  0.053093150,  0.053655478 
8, 15,  0.001096750,  0.056008196, 25234,  0.056511375,  0.057059881 
8, 16,  0.001090079,  0.055896905, 25234,  0.056435117,  0.057066229 
8, 17,  0.001069345,  0.056025040, 25234,  0.056517853,  0.057055045 
8, 18,  0.001123532,  0.050003335, 25234,  0.050557575,  0.051165245 
8, 19,  0.001039895,  0.050011642, 25234,  0.050517372,  0.051045965 
8, 20,  0.001037195,  0.050511658, 25234,  0.051009181,  0.051599368 
9, 1,  0.001122248,  0.047343812, 25234,  0.047837682,  0.048429716 
9, 2,  0.001122642,  0.047732115, 25234,  0.048224460,  0.048782070 
9, 3,  0.001131208,  0.047035825, 25234,  0.047532958,  0.048072229 
9, 4,  0.001099545,  0.048261118, 25234,  0.048781053,  0.049453623 
9, 5,  0.001203412,  0.047470358, 25234,  0.048030415,  0.048627553 
9, 6,  0.001144417,  0.046836345, 25234,  0.047349154,  0.047892149 
9, 7,  0.001131855,  0.048003401, 25234,  0.048505653,  0.049111325 
9, 8,  0.001081335,  0.046486695, 25234,  0.046991861,  0.047540098 
9, 9,  0.001089322,  0.046921692, 25234,  0.047424072,  0.047964722 
9, 10,  0.001033435,  0.047606193, 25234,  0.048099798,  0.048668710 
9, 11,  0.001168606,  0.047855991, 25234,  0.048368432,  0.048925311 
9, 12,  0.001156128,  0.046913238, 25234,  0.047414091,  0.048037209 
9, 13,  0.001069682,  0.048001734, 25234,  0.048528733,  0.049091972 
9, 14,  0.001071785,  0.047219022, 25234,  0.047740327,  0.048335493 
9, 15,  0.001123783,  0.047103135, 25234,  0.047598213,  0.048130092 
9, 16,  0.001073654,  0.047425967, 25234,  0.047927542,  0.048474815 
9, 17,  0.001144625,  0.048295584, 25234,  0.048801515,  0.049350676 
9, 18,  0.001060646,  0.047160205, 25234,  0.047675415,  0.048231159 
9, 19,  0.001075227,  0.046608285, 25234,  0.047105829,  0.047662560 
9, 20,  0.001022662,  0.046643904, 25234,  0.047144641,  0.047700186 
10, 1,  0.001043602,  0.046403432, 25234,  0.046895416,  0.047445225 
10, 2,  0.001057712,  0.046478598, 25234,  0.046973533,  0.047709781 
10, 3,  0.001102189,  0.047184515, 25234,  0.047752616,  0.048397718 
10, 4,  0.001101348,  0.044052867, 25234,  0.044564575,  0.045125660 
10, 5,  0.001099716,  0.046645105, 25234,  0.047142718,  0.047679131 
10, 6,  0.001113612,  0.046439937, 25234,  0.046938854,  0.047598584 
10, 7,  0.001153987,  0.047057552, 25234,  0.047563428,  0.048170110 
10, 8,  0.001082391,  0.045727362, 25234,  0.046228512,  0.046784982 
10, 9,  0.001066040,  0.049476200, 25234,  0.049972926,  0.050492013 
10, 10,  0.001056883,  0.045301656, 25234,  0.045802495,  0.046367738 
10, 11,  0.001101888,  0.046009735, 25234,  0.046508749,  0.047039754 
10, 12,  0.001206433,  0.046682004, 25234,  0.047186165,  0.047722842 
10, 13,  0.001046759,  0.046402613, 25234,  0.046900217,  0.047468564 
10, 14,  0.001116865,  0.044241229, 25234,  0.044741543,  0.045311148 
10, 15,  0.001062839,  0.046235310, 25234,  0.046734863,  0.047284201 
10, 16,  0.001160602,  0.047039405, 25234,  0.047541703,  0.048102382 
10, 17,  0.001055590,  0.046306956, 25234,  0.046804889,  0.047354380 
10, 18,  0.001103277,  0.045551357, 25234,  0.046052732,  0.046577189 
10, 19,  0.001121739,  0.044279835, 25234,  0.044776899,  0.045341497 
10, 20,  0.001084676,  0.046053027, 25234,  0.046550412,  0.047075607 
11, 1,  0.001054115,  0.044418649, 25234,  0.044926239,  0.045477615 
11, 2,  0.001003238,  0.038264280, 25234,  0.038781078,  0.039325443 
11, 3,  0.001054988,  0.046036571, 25234,  0.046532398,  0.047076945 
11, 4,  0.001037652,  0.043846193, 25234,  0.044351872,  0.044995272 
11, 5,  0.001031889,  0.043371319, 25234,  0.043869488,  0.044415322 
11, 6,  0.001062428,  0.046267295, 25234,  0.046773658,  0.047299326 
11, 7,  0.001198659,  0.038954980, 25234,  0.039453542,  0.039996510 
11, 8,  0.001125637,  0.044666269, 25234,  0.045162703,  0.045844993 
11, 9,  0.001099001,  0.037898907, 25234,  0.038410968,  0.039060698 
11, 10,  0.001086819,  0.037988729, 25234,  0.038486462,  0.039029758 
11, 11,  0.001103188,  0.045398654, 25234,  0.045896848,  0.046466495 
11, 12,  0.001045695,  0.045666900, 25234,  0.046164243,  0.046725788 
11, 13,  0.001119940,  0.044495424, 25234,  0.045051785,  0.045690068 
11, 14,  0.001207358,  0.040191192, 25234,  0.040701396,  0.041241293 
11, 15,  0.001117090,  0.038012582, 25234,  0.038508373,  0.039045344 
11, 16,  0.001025472,  0.044456255, 25234,  0.044950258,  0.045509115 
11, 17,  0.001043930,  0.045090521, 25234,  0.045591552,  0.046188645 
11, 18,  0.001081640,  0.043969805, 25234,  0.044471252,  0.045009673 
11, 19,  0.001085548,  0.046210958, 25234,  0.046710949,  0.047325842 
11, 20,  0.001129095,  0.039858788, 25234,  0.040365472,  0.040924484 
12, 1,  0.001208276,  0.037436609, 25234,  0.037934861,  0.038496644 
12, 2,  0.001079624,  0.037497906, 25234,  0.037994984,  0.038526090 
12, 3,  0.001056328,  0.037604993, 25234,  0.038107928,  0.038640840 
12, 4,  0.001058991,  0.036322802, 25234,  0.036832408,  0.037376668 
12, 5,  0.001064896,  0.037785600, 25234,  0.038290184,  0.038834679 
12, 6,  0.001020122,  0.035662896, 25234,  0.036159211,  0.036719136 
12, 7,  0.001071291,  0.037560510, 25234,  0.038057294,  0.038612064 
12, 8,  0.001081545,  0.036973185, 25234,  0.037477617,  0.038027447 
12, 9,  0.001053472,  0.035702728, 25234,  0.036202032,  0.036731739 
12, 10,  0.001069045,  0.036453303, 25234,  0.036961407,  0.037546359 
12, 11,  0.001063744,  0.036191596, 25234,  0.036689584,  0.037226436 
12, 12,  0.001080209,  0.036287267, 25234,  0.036788939,  0.037315535 
12, 13,  0.001043805,  0.037412064, 25234,  0.037903754,  0.038450399 
12, 14,  0.001066873,  0.037550432, 25234,  0.038059941,  0.038820888 
12, 15,  0.001108291,  0.036968399, 25234,  0.037469002,  0.038029810 
12, 16,  0.001109946,  0.037532652, 25234,  0.038034852,  0.038581747 
12, 17,  0.001262101,  0.037855185, 25234,  0.038359053,  0.038916770 
12, 18,  0.001148760,  0.037075865, 25234,  0.037581225,  0.038135685 
12, 19,  0.001049361,  0.036803135, 25234,  0.037315355,  0.037841635 
12, 20,  0.001067562,  0.037072150, 25234,  0.037573823,  0.038235651 
13, 1,  0.001114029,  0.036457435, 25234,  0.036953072,  0.037558903 
13, 2,  0.001117161,  0.037754979, 25234,  0.038281182,  0.038868284 
13, 3,  0.001070668,  0.038884145, 25234,  0.039378840,  0.040035686 
13, 4,  0.001103087,  0.038706272, 25234,  0.039216648,  0.039846218 
13, 5,  0.001145260,  0.038268368, 25234,  0.038784877,  0.039342157 
13, 6,  0.001085687,  0.037575383, 25234,  0.038075636,  0.038640305 
13, 7,  0.001090688,  0.037764985, 25234,  0.038269885,  0.038819979 
13, 8,  0.001203565,  0.041794386, 25234,  0.042335358,  0.042997900 
13, 9,  0.001177319,  0.038085580, 25234,  0.038589438,  0.039160308 
13, 10,  0.001128757,  0.044231241, 25234,  0.044775938,  0.045406909 
13, 11,  0.001068150,  0.040503574, 25234,  0.041005829,  0.041615620 
13, 12,  0.001038948,  0.039305078, 25234,  0.039813281,  0.040429091 
13, 13,  0.001039035,  0.037919770, 25234,  0.038415811,  0.038979445 
13, 14,  0.001045830,  0.036598360, 25234,  0.037098808,  0.037631164 
13, 15,  0.001057051,  0.042944591, 25234,  0.043444968,  0.044009078 
13, 16,  0.001053837,  0.038300846, 25234,  0.038794912,  0.039342843 
13, 17,  0.001057760,  0.037094614, 25234,  0.037607444,  0.038155585 
13, 18,  0.001142898,  0.038470975, 25234,  0.038970276,  0.039515673 
13, 19,  0.001065781,  0.037655971, 25234,  0.038156846,  0.038692947 
13, 20,  0.001053322,  0.035861571, 25234,  0.036364985,  0.036915370 
14, 1,  0.001052615,  0.037520854, 25234,  0.038030457,  0.038697125 
14, 2,  0.001202303,  0.043203283, 25234,  0.043695553,  0.044265232 
14, 3,  0.001246991,  0.038286501, 25234,  0.038779420,  0.039347314 
14, 4,  0.001166218,  0.037137505, 25234,  0.037640672,  0.038196684 
14, 5,  0.001070636,  0.042589695, 25234,  0.043094374,  0.043660417 
14, 6,  0.001042633,  0.043784745, 25234,  0.044276441,  0.044821245 
14, 7,  0.001057785,  0.042944681, 25234,  0.043481548,  0.044067341 
14, 8,  0.001060107,  0.036429797, 25234,  0.036929472,  0.037487757 
14, 9,  0.001088302,  0.042999019, 25234,  0.043498233,  0.044080209 
14, 10,  0.001104925,  0.036497988, 25234,  0.037009292,  0.037585427 
14, 11,  0.001068381,  0.041237866, 25234,  0.041735413,  0.042287933 
14, 12,  0.001140586,  0.044642415, 25234,  0.045140059,  0.045716055 
14, 13,  0.001092882,  0.050399102, 25234,  0.050899033,  0.051452248 
14, 14,  0.001101694,  0.043386625, 25234,  0.043882287,  0.044443742 
14, 15,  0.001177888,  0.043482840, 25234,  0.043976918,  0.044549665 
14, 16,  0.001260087,  0.044113756, 25234,  0.044788921,  0.045490502 
14, 17,  0.001227929,  0.042987529, 25234,  0.043484956,  0.044063075 
14, 18,  0.001037847,  0.036580732, 25234,  0.037074425,  0.037652924 
14, 19,  0.001066531,  0.042919228, 25234,  0.043417938,  0.043953585 
14, 20,  0.001087450,  0.042681883, 25234,  0.043178354,  0.043724731 
15, 1,  0.001052321,  0.043005988, 25234,  0.043503467,  0.044034742 
15, 2,  0.001101087,  0.039507240, 25234,  0.040005400,  0.040561217 
15, 3,  0.001046362,  0.043174692, 25234,  0.043675648,  0.044222965 
15, 4,  0.001144228,  0.045955552, 25234,  0.046470242,  0.047120728 
15, 5,  0.001056662,  0.044526529, 25234,  0.045036095,  0.045764278 
15, 6,  0.001099675,  0.043643569, 25234,  0.044142858,  0.044755013 
15, 7,  0.001111229,  0.036302002, 25234,  0.036806493,  0.037349096 
15, 8,  0.001196339,  0.039861857, 25234,  0.040355723,  0.040929534 
15, 9,  0.001125199,  0.042768915, 25234,  0.043266315,  0.043819787 
15, 10,  0.001056412,  0.044525368, 25234,  0.045021020,  0.045569171 
15, 11,  0.001064279,  0.042855289, 25234,  0.043353252,  0.043903598 
15, 12,  0.001062775,  0.038135632, 25234,  0.038650945,  0.039212795 
15, 13,  0.001049905,  0.043672681, 25234,  0.044204482,  0.044868802 
15, 14,  0.001081311,  0.042797329, 25234,  0.043289412,  0.043850128 
15, 15,  0.001079103,  0.043095298, 25234,  0.043599818,  0.044172352 
15, 16,  0.001078995,  0.042809806, 25234,  0.043306772,  0.043848244 
15, 17,  0.001065818,  0.043797630, 25234,  0.044296535,  0.044837650 
15, 18,  0.001068789,  0.042137681, 25234,  0.042658670,  0.043277493 
15, 19,  0.001138275,  0.043096207, 25234,  0.043600200,  0.044223832 
15, 20,  0.001193272,  0.042970846, 25234,  0.043472395,  0.044142567 
16, 1,  0.001111550,  0.036122357, 25234,  0.036642215,  0.037209834 
16, 2,  0.001073453,  0.043202445, 25234,  0.043706374,  0.044255010 
16, 3,  0.001070983,  0.035864180, 25234,  0.036368355,  0.036925895 
16, 4,  0.001097807,  0.043133902, 25234,  0.043631015,  0.044176689 
16, 5,  0.001101753,  0.043104735, 25234,  0.043604642,  0.044162177 
16, 6,  0.001090650,  0.040296326, 25234,  0.040800615,  0.041485252 
16, 7,  0.001085888,  0.042786796, 25234,  0.043297762,  0.043909944 
16, 8,  0.001080088,  0.042946993, 25234,  0.043440725,  0.044007792 
16, 9,  0.001062909,  0.035917313, 25234,  0.036416662,  0.036972608 
16, 10,  0.001047292,  0.042993722, 25234,  0.043531256,  0.044180078 
16, 11,  0.001176057,  0.043260558, 25234,  0.043766622,  0.044383483 
16, 12,  0.001294358,  0.043377015, 25234,  0.043874270,  0.044442690 
16, 13,  0.001064324,  0.042693364, 25234,  0.043195441,  0.043800596 
16, 14,  0.001092977,  0.042988950, 25234,  0.043487140,  0.044042164 
16, 15,  0.001140424,  0.037300119, 25234,  0.037797534,  0.038395048 
16, 16,  0.001124784,  0.043314531, 25234,  0.043813075,  0.044368188 
16, 17,  0.001109308,  0.042362088, 25234,  0.042880156,  0.043444274 
16, 18,  0.001078515,  0.044779342, 25234,  0.045294850,  0.045902023 
16, 19,  0.001121243,  0.042317374, 25234,  0.042821953,  0.043380175 
16, 20,  0.001049874,  0.043005035, 25234,  0.043498803,  0.044065190 
17, 1,  0.001062977,  0.036348425, 25234,  0.036862268,  0.037440112 
17, 2,  0.001064923,  0.042000139, 25234,  0.042496525,  0.043092117 
17, 3,  0.001232617,  0.044687600, 25234,  0.045197175,  0.045839649 
17, 4,  0.001207813,  0.043273500, 25234,  0.043775720,  0.044341046 
17, 5,  0.001051652,  0.043530925, 25234,  0.044029027,  0.044591764 
17, 6,  0.001065342,  0.037354418, 25234,  0.037861305,  0.038425712 
17, 7,  0.001060492,  0.037388715, 25234,  0.037892861,  0.038463596 
17, 8,  0.001154927,  0.040605855, 25234,  0.041105598,  0.041747707 
17, 9,  0.001081162,  0.043238124, 25234,  0.043743651,  0.044323071 
17, 10,  0.001103448,  0.043282707, 25234,  0.043780131,  0.044325992 
17, 11,  0.001048373,  0.036063432, 25234,  0.036594994,  0.037150541 
17, 12,  0.001102728,  0.042948388, 25234,  0.043449234,  0.044101123 
17, 13,  0.001092536,  0.044143769, 25234,  0.044651149,  0.045273539 
17, 14,  0.001076218,  0.043319008, 25234,  0.043825079,  0.044496394 
17, 15,  0.001178151,  0.045534446, 25234,  0.046036835,  0.046691258 
17, 16,  0.001250394,  0.042818995, 25234,  0.043320010,  0.043937948 
17, 17,  0.001251194,  0.043408870, 25234,  0.043919035,  0.044540233 
17, 18,  0.001150451,  0.043085409, 25234,  0.043590645,  0.044161685 
17, 19,  0.001070645,  0.043209151, 25234,  0.043710218,  0.044327292 
17, 20,  0.001088452,  0.043152248, 25234,  0.043657328,  0.044225310 
18, 1,  0.001059105,  0.034419622, 25234,  0.034922641,  0.035464133 
18, 2,  0.001055538,  0.034187922, 25234,  0.034685855,  0.035279175 
18, 3,  0.001095485,  0.034363079, 25234,  0.034858831,  0.035435820 
18, 4,  0.001071083,  0.034341557, 25234,  0.034832028,  0.035398153 
18, 5,  0.001048488,  0.034068755, 25234,  0.034567612,  0.035122826 
18, 6,  0.001089808,  0.034261662, 25234,  0.034761072,  0.035313856 
18, 7,  0.001131342,  0.034224425, 25234,  0.034718828,  0.035276673 
18, 8,  0.001275948,  0.034384246, 25234,  0.034882571,  0.035440110 
18, 9,  0.001096525,  0.034126366, 25234,  0.034620696,  0.035194691 
18, 10,  0.001042174,  0.035585041, 25234,  0.036086013,  0.036751622 
18, 11,  0.001070470,  0.034607290, 25234,  0.035098928,  0.035652806 
18, 12,  0.001028328,  0.034456954, 25234,  0.034965558,  0.035503625 
18, 13,  0.001055892,  0.034715873, 25234,  0.035206945,  0.035781159 
18, 14,  0.001046628,  0.034316113, 25234,  0.034822992,  0.035412906 
18, 15,  0.001064155,  0.034391951, 25234,  0.034889424,  0.035447166 
18, 16,  0.001117088,  0.034060093, 25234,  0.034556235,  0.035108167 
18, 17,  0.001037642,  0.034828064, 25234,  0.035326685,  0.035886488 
18, 18,  0.001067437,  0.034100733, 25234,  0.034603206,  0.035153424 
18, 19,  0.001071878,  0.034737667, 25234,  0.035233122,  0.035793084 
18, 20,  0.001064444,  0.033997083, 25234,  0.034496339,  0.035061212 
19, 1,  0.001110543,  0.034217244, 25234,  0.034714168,  0.035274560 
19, 2,  0.001367088,  0.034348138, 25234,  0.034843759,  0.035515194 
19, 3,  0.001089477,  0.034471628, 25234,  0.034974155,  0.035584509 
19, 4,  0.001112947,  0.034193632, 25234,  0.034688689,  0.035253201 
19, 5,  0.001055558,  0.034137048, 25234,  0.034636940,  0.035199964 
19, 6,  0.001027402,  0.034345585, 25234,  0.034837988,  0.035430598 
19, 7,  0.001069237,  0.034847322, 25234,  0.035340955,  0.035943473 
19, 8,  0.001092963,  0.034111142, 25234,  0.034605352,  0.035155399 
19, 9,  0.001068456,  0.034584352, 25234,  0.035097728,  0.035702234 
19, 10,  0.001085905,  0.034229921, 25234,  0.034722895,  0.035310288 
19, 11,  0.001226556,  0.047282708, 25234,  0.048039060,  0.048899224 
19, 12,  0.001992440,  0.046752452, 25234,  0.047255248,  0.047827212 
19, 13,  0.001092414,  0.034154401, 25234,  0.034647306,  0.035215500 
19, 14,  0.001069329,  0.034123587, 25234,  0.034618618,  0.035196365 
19, 15,  0.001080494,  0.034065357, 25234,  0.034562292,  0.035100376 
19, 16,  0.001030860,  0.034368768, 25234,  0.034865252,  0.035442610 
19, 17,  0.001058122,  0.033902418, 25234,  0.034411082,  0.034986575 
19, 18,  0.001052582,  0.034053859, 25234,  0.034565113,  0.035170174 
19, 19,  0.001053381,  0.034386548, 25234,  0.034884956,  0.035449702 
19, 20,  0.001057068,  0.034131907, 25234,  0.034629079,  0.035218030 
20, 1,  0.001054319,  0.034038101, 25234,  0.034539065,  0.035121918 
20, 2,  0.001078413,  0.034071998, 25234,  0.034569319,  0.035130725 
20, 3,  0.001055883,  0.034042902, 25234,  0.034546515,  0.035105454 
20, 4,  0.001082069,  0.034241261, 25234,  0.034737222,  0.035337230 
20, 5,  0.001089702,  0.034128634, 25234,  0.034627705,  0.035176215 
20, 6,  0.001083310,  0.034268386, 25234,  0.034764407,  0.035330202 
20, 7,  0.001057445,  0.034108715, 25234,  0.034612285,  0.035168616 
20, 8,  0.001074558,  0.034144928, 25234,  0.034649444,  0.035215862 
20, 9,  0.001186806,  0.034182425, 25234,  0.034678314,  0.035289062 
20, 10,  0.001275703,  0.044250158, 25234,  0.045014630,  0.045834107 
20, 11,  0.001503380,  0.043845835, 25234,  0.044414669,  0.045228592 
20, 12,  0.001228253,  0.034839232, 25234,  0.035338362,  0.035912765 
20, 13,  0.001070098,  0.034335076, 25234,  0.034835932,  0.035399431 
20, 14,  0.001048479,  0.034102811, 25234,  0.034597215,  0.035154872 
20, 15,  0.001056492,  0.034108208, 25234,  0.034601576,  0.035162722 
20, 16,  0.001048982,  0.033975815, 25234,  0.034479165,  0.035074337 
20, 17,  0.001051769,  0.036604315, 25234,  0.037104553,  0.037644073 
20, 18,  0.001059454,  0.034140742, 25234,  0.034640395,  0.035219971 
20, 19,  0.001079035,  0.034496132, 25234,  0.034986978,  0.035573752 
20, 20,  0.001183455,  0.034467148, 25234,  0.034961136,  0.035558190 
21, 1,  0.001328960,  0.034403910, 25234,  0.034900815,  0.035521272 
21, 2,  0.001067274,  0.035759805, 25234,  0.036260267,  0.036886363 
21, 3,  0.001066173,  0.042618596, 25234,  0.043117375,  0.043662275 
21, 4,  0.001056962,  0.035798236, 25234,  0.036290039,  0.036859237 
21, 5,  0.001055378,  0.034895387, 25234,  0.035393532,  0.036012992 
21, 6,  0.001055683,  0.034133712, 25234,  0.034628626,  0.035200899 
21, 7,  0.001047011,  0.035424915, 25234,  0.035929125,  0.036511338 
21, 8,  0.001034688,  0.034867598, 25234,  0.035362882,  0.035921234 
21, 9,  0.001064458,  0.035455792, 25234,  0.035957499,  0.036533097 
21, 10,  0.001052953,  0.034337308, 25234,  0.034831714,  0.035403315 
21, 11,  0.001043421,  0.034167052, 25234,  0.034663768,  0.035239235 
21, 12,  0.001121625,  0.035826211, 25234,  0.036324234,  0.036914948 
21, 13,  0.001080202,  0.036262837, 25234,  0.036782072,  0.037368336 
21, 14,  0.001113051,  0.034617315, 25234,  0.035146580,  0.035751345 
21, 15,  0.001083950,  0.033896744, 25234,  0.034408918,  0.034973960 
21, 16,  0.001112675,  0.039292723, 25234,  0.039808411,  0.040374645 
21, 17,  0.001056957,  0.034204914, 25234,  0.034711100,  0.035288782 
21, 18,  0.001258532,  0.038524032, 25234,  0.039021705,  0.039595508 
21, 19,  0.001131698,  0.040720689, 25234,  0.041225160,  0.041855103 
21, 20,  0.001068584,  0.038367598, 25234,  0.038874690,  0.039607945 
22, 1,  0.001079517,  0.042198047, 25234,  0.042705112,  0.043276593 
22, 2,  0.001067258,  0.037291699, 25234,  0.037789240,  0.038354838 
22, 3,  0.001105704,  0.038175092, 25234,  0.038698922,  0.039345131 
22, 4,  0.001071809,  0.034048264, 25234,  0.034548842,  0.035120076 
22, 5,  0.001060238,  0.038430714, 25234,  0.038926283,  0.039498747 
22, 6,  0.001134867,  0.035513942, 25234,  0.036019588,  0.036633626 
22, 7,  0.001113919,  0.046665102, 25234,  0.047278601,  0.048014812 
22, 8,  0.001526000,  0.052722439, 25234,  0.053331333,  0.054051345 
22, 9,  0.001431588,  0.054528516, 25234,  0.055168392,  0.055880735 
22, 10,  0.001332431,  0.056176832, 25234,  0.056810346,  0.057468252 
22, 11,  0.001318774,  0.065535303, 25234,  0.066139971,  0.066800499 
22, 12,  0.001360668,  0.055627745, 25234,  0.056240696,  0.056948241 
22, 13,  0.001325002,  0.048538118, 25234,  0.049150987,  0.049850047 
22, 14,  0.001250880,  0.051840092, 25234,  0.052457822,  0.053233139 
22, 15,  0.001249472,  0.049169123, 25234,  0.049779479,  0.050451953 
22, 16,  0.001248646,  0.048778218, 25234,  0.049385590,  0.050090744 
22, 17,  0.001244247,  0.049090937, 25234,  0.049699659,  0.050373328 
22, 18,  0.001243281,  0.049714578, 25234,  0.050330258,  0.051022137 
22, 19,  0.001292339,  0.049564085, 25234,  0.050183812,  0.050879139 
22, 20,  0.001272103,  0.055072567, 25234,  0.055765322,  0.056547790 
23, 1,  0.001417878,  0.049649423, 25234,  0.050270324,  0.051052145 
23, 2,  0.001321351,  0.051058884, 25234,  0.051669713,  0.052378668 
23, 3,  0.001497551,  0.051033598, 25234,  0.051651902,  0.052341687 
23, 4,  0.001251361,  0.049090712, 25234,  0.049701538,  0.050373554 
23, 5,  0.001246952,  0.055586450, 25234,  0.056212072,  0.056900846 
23, 6,  0.001243676,  0.049134207, 25234,  0.049749375,  0.050437562 
23, 7,  0.001258535,  0.059025371, 25234,  0.059636179,  0.060401147 
23, 8,  0.001289438,  0.048618508, 25234,  0.049229522,  0.049964825 
23, 9,  0.001285430,  0.051115987, 25234,  0.051733368,  0.052432585 
23, 10,  0.001310255,  0.054026568, 25234,  0.054642740,  0.055318308 
23, 11,  0.001334823,  0.050697729, 25234,  0.051306736,  0.052064774 
23, 12,  0.001263962,  0.047494050, 25234,  0.048101456,  0.048781448 
23, 13,  0.001241932,  0.046364442, 25234,  0.046973382,  0.047727235 
23, 14,  0.001305748,  0.052268442, 25234,  0.052883429,  0.053562072 
23, 15,  0.001295875,  0.052840330, 25234,  0.053450856,  0.054119938 
23, 16,  0.001268952,  0.052917456, 25234,  0.053561844,  0.054341658 
23, 17,  0.001270793,  0.052013294, 25234,  0.052645259,  0.053353175 
23, 18,  0.001339153,  0.049393129, 25234,  0.050014946,  0.050678700 
23, 19,  0.001403685,  0.049082895, 25234,  0.049727501,  0.050474408 
23, 20,  0.001380668,  0.055470475, 25234,  0.056080986,  0.056759793 
24, 1,  0.001322028,  0.050483731, 25234,  0.051102488,  0.051919462 
24, 2,  0.001306049,  0.049271018, 25234,  0.049878511,  0.050562711 
24, 3,  0.001254973,  0.048795480, 25234,  0.049411005,  0.050091878 
24, 4,  0.001321165,  0.046462044, 25234,  0.047073852,  0.047743647 
24, 5,  0.001252075,  0.055445215, 25234,  0.056056528,  0.056797702 
24, 6,  0.001287261,  0.057058572, 25234,  0.057667014,  0.058353725 
24, 7,  0.001256940,  0.047673029, 25234,  0.048283169,  0.049018666 
24, 8,  0.001322355,  0.052768630, 25234,  0.053402728,  0.054144749 
24, 9,  0.001365996,  0.050119906, 25234,  0.050774068,  0.051511831 
24, 10,  0.001421315,  0.052442255, 25234,  0.053064575,  0.053853139 
24, 11,  0.001361291,  0.054444015, 25234,  0.055061712,  0.055779598 
24, 12,  0.001297796,  0.053497181, 25234,  0.054116488,  0.054789384 
24, 13,  0.001242098,  0.049241435, 25234,  0.049856874,  0.050561465 
24, 14,  0.001251371,  0.051222882, 25234,  0.051837258,  0.052527172 
24, 15,  0.001325522,  0.051129838, 25234,  0.051740041,  0.052447692 
24, 16,  0.001250387,  0.051885003, 25234,  0.052494756,  0.053191056 
24, 17,  0.001241015,  0.049331246, 25234,  0.049936798,  0.050617125 
24, 18,  0.001264584,  0.052926789, 25234,  0.053547358,  0.054246679 
24, 19,  0.001271989,  0.049248710, 25234,  0.049856366,  0.050842605 
24, 20,  0.001378491,  0.053737798, 25234,  0.054348541,  0.055016940 
25, 1,  0.001333046,  0.060515575, 25234,  0.061154738,  0.062014775 
25, 2,  0.001686879,  0.054877827, 25234,  0.055493564,  0.056234894 
25, 3,  0.001317034,  0.055370351, 25234,  0.055983629,  0.056716788 
25, 4,  0.001338678,  0.058823585, 25234,  0.059434938,  0.060141868 
25, 5,  0.001293310,  0.039744572, 25234,  0.040272822,  0.040889098 
25, 6,  0.001182945,  0.036142183, 25234,  0.036650640,  0.037231658 
25, 7,  0.001062756,  0.033979959, 25234,  0.034478554,  0.035102321 
25, 8,  0.001149070,  0.043072279, 25234,  0.043566939,  0.044177126 
25, 9,  0.001305298,  0.056044205, 25234,  0.056801666,  0.057670473 
25, 10,  0.001755808,  0.045597375, 25234,  0.046098032,  0.046683306 
25, 11,  0.001099826,  0.039537214, 25234,  0.040036800,  0.040614595 
25, 12,  0.001054449,  0.033661466, 25234,  0.034162160,  0.034715245 
25, 13,  0.001093046,  0.034830100, 25234,  0.035333724,  0.035904805 
25, 14,  0.001037568,  0.034331200, 25234,  0.034824819,  0.035391223 
25, 15,  0.001059919,  0.039424182, 25234,  0.039939034,  0.040541200 
25, 16,  0.001083085,  0.039874058, 25234,  0.040371370,  0.040930339 
25, 17,  0.001069307,  0.039176962, 25234,  0.039672654,  0.040255062 
25, 18,  0.001058955,  0.034258835, 25234,  0.034758072,  0.035314222 
25, 19,  0.001047299,  0.040790400, 25234,  0.041288462,  0.041864108 
25, 20,  0.001162948,  0.043206053, 25234,  0.043738380,  0.044325515 
26, 1,  0.001125819,  0.034418569, 25234,  0.034921078,  0.035490034 
26, 2,  0.001549224,  0.035121857, 25234,  0.035619326,  0.036195988 
26, 3,  0.001050442,  0.036511109, 25234,  0.037007717,  0.037575894 
26, 4,  0.001048333,  0.037362069, 25234,  0.037879101,  0.038454809 
26, 5,  0.001079450,  0.040351986, 25234,  0.040854402,  0.041453552 
26, 6,  0.001058901,  0.037074705, 25234,  0.037575491,  0.038280582 
26, 7,  0.001138404,  0.034922887, 25234,  0.035422166,  0.036022274 
26, 8,  0.001141653,  0.039288597, 25234,  0.039807292,  0.040394599 
26, 9,  0.001055498,  0.034530379, 25234,  0.035023887,  0.035596625 
26, 10,  0.001067065,  0.038211482, 25234,  0.038708800,  0.039256794 
26, 11,  0.001117578,  0.034516864, 25234,  0.035012401,  0.035604294 
26, 12,  0.001410384,  0.034079442, 25234,  0.034571478,  0.035140095 
26, 13,  0.001044831,  0.036189457, 25234,  0.036697433,  0.037351010 
26, 14,  0.001133272,  0.042083873, 25234,  0.042584108,  0.043213305 
26, 15,  0.001079209,  0.043244865, 25234,  0.043754807,  0.044370279 
26, 16,  0.001084698,  0.036014701, 25234,  0.036513438,  0.037083418 
26, 17,  0.001154820,  0.037037769, 25234,  0.037543923,  0.038111568 
26, 18,  0.001084488,  0.035733702, 25234,  0.036252537,  0.036836868 
26, 19,  0.001050121,  0.034148362, 25234,  0.034639288,  0.035255193 
26, 20,  0.001075064,  0.043070183, 25234,  0.043564472,  0.044131591 
27, 1,  0.001057050,  0.042600738, 25234,  0.043111604,  0.043692046 
27, 2,  0.001056686,  0.036542188, 25234,  0.037086357,  0.037667635 
27, 3,  0.001059779,  0.039364382, 25234,  0.039869210,  0.040460702 
27, 4,  0.001062294,  0.049542574, 25234,  0.050055178,  0.050657548 
27, 5,  0.001088672,  0.035011955, 25234,  0.035510885,  0.036088942 
27, 6,  0.001048294,  0.038026252, 25234,  0.038532473,  0.039119712 
27, 7,  0.001092099,  0.042527102, 25234,  0.043025634,  0.043608474 
27, 8,  0.001153448,  0.034957548, 25234,  0.035456688,  0.036037805 
27, 9,  0.001433988,  0.038003913, 25234,  0.038504587,  0.039072432 
27, 10,  0.001056732,  0.037387092, 25234,  0.037879902,  0.038478115 
27, 11,  0.001094404,  0.034978098, 25234,  0.035471391,  0.036042728 
27, 12,  0.001058233,  0.041344065, 25234,  0.041838713,  0.042411889 
27, 13,  0.001060528,  0.037656526, 25234,  0.038171192,  0.038925225 
27, 14,  0.001186264,  0.044002146, 25234,  0.044501025,  0.045084836 
27, 15,  0.001074186,  0.045425856, 25234,  0.045929312,  0.046526878 
27, 16,  0.001055485,  0.035365446, 25234,  0.035857587,  0.036428661 
27, 17,  0.001089202,  0.034603416, 25234,  0.035102715,  0.035686933 
27, 18,  0.001100692,  0.037589927, 25234,  0.038089052,  0.038777318 
27, 19,  0.001377639,  0.037595069, 25234,  0.038095789,  0.038673130 
27, 20,  0.001074642,  0.036410700, 25234,  0.036917177,  0.037529007 
28, 1,  0.001078832,  0.034186525, 25234,  0.034679876,  0.035300635 
28, 2,  0.001069427,  0.040808383, 25234,  0.041308142,  0.041875617 
28, 3,  0.001047912,  0.039453777, 25234,  0.040029896,  0.040648469 
28, 4,  0.001134689,  0.034636871, 25234,  0.035132320,  0.035733933 
28, 5,  0.001065358,  0.044131484, 25234,  0.044626464,  0.045218112 
28, 6,  0.001063885,  0.036480634, 25234,  0.036986729,  0.037616938 
28, 7,  0.001080102,  0.035164680, 25234,  0.035687230,  0.036374700 
28, 8,  0.001076378,  0.042291879, 25234,  0.042830562,  0.043489966 
28, 9,  0.001089062,  0.058409093, 25234,  0.059156532,  0.059995424 
28, 10,  0.001591323,  0.045418632, 25234,  0.045910927,  0.046484428 
28, 11,  0.001058237,  0.041965325, 25234,  0.042459054,  0.043038707 
28, 12,  0.001097089,  0.034448924, 25234,  0.034944485,  0.035531058 
28, 13,  0.001052009,  0.033822666, 25234,  0.034335082,  0.034926202 
28, 14,  0.001166746,  0.034405209, 25234,  0.034908988,  0.035511218 
28, 15,  0.001353718,  0.035060657, 25234,  0.035562898,  0.036156480 
28, 16,  0.001078280,  0.041565179, 25234,  0.042068860,  0.042628488 
28, 17,  0.001052036,  0.042422022, 25234,  0.042912835,  0.043484339 
28, 18,  0.001148251,  0.036358625, 25234,  0.036863644,  0.037428283 
28, 19,  0.001048373,  0.046262394, 25234,  0.046781491,  0.047481328 
28, 20,  0.001085102,  0.034996295, 25234,  0.035495482,  0.036085061 
29, 1,  0.001067737,  0.042502344, 25234,  0.043014704,  0.043657753 
29, 2,  0.001067692,  0.034936164, 25234,  0.035427532,  0.035995281 
29, 3,  0.001099826,  0.040304680, 25234,  0.040920328,  0.041667903 
29, 4,  0.001650851,  0.053522641, 25234,  0.054189402,  0.054912842 
29, 5,  0.001352535,  0.043058266, 25234,  0.043669077,  0.044392165 
29, 6,  0.001265285,  0.053213495, 25234,  0.053859292,  0.054747655 
29, 7,  0.001285854,  0.049616672, 25234,  0.050223598,  0.050926261 
29, 8,  0.001350194,  0.053065232, 25234,  0.053676151,  0.054417097 
29, 9,  0.001271608,  0.052970800, 25234,  0.053617608,  0.054339838 
29, 10,  0.001300634,  0.049775032, 25234,  0.050390346,  0.051075682 
29, 11,  0.001296041,  0.050227465, 25234,  0.050846408,  0.051613784 
29, 12,  0.001333056,  0.052266409, 25234,  0.052887658,  0.053586786 
29, 13,  0.001318733,  0.052552115, 25234,  0.053172769,  0.053902850 
29, 14,  0.001271990,  0.053626281, 25234,  0.054262207,  0.055008406 
29, 15,  0.001320556,  0.059786181, 25234,  0.060424936,  0.061229462 
29, 16,  0.001429392,  0.052967198, 25234,  0.053578275,  0.054271215 
29, 17,  0.001371336,  0.048519088, 25234,  0.049128004,  0.049831632 
29, 18,  0.001433622,  0.052180196, 25234,  0.052798768,  0.053558417 
29, 19,  0.001394435,  0.047744235, 25234,  0.048361896,  0.049039402 
29, 20,  0.001263245,  0.046375628, 25234,  0.046990300,  0.047865890 
30, 1,  0.001339041,  0.053104239, 25234,  0.053715817,  0.054482993 
30, 2,  0.001307350,  0.054312308, 25234,  0.054924757,  0.055598203 
30, 3,  0.001310998,  0.053846395, 25234,  0.054486249,  0.055211715 
30, 4,  0.001481367,  0.047305283, 25234,  0.047920398,  0.048621848 
30, 5,  0.001263781,  0.055438709, 25234,  0.056065674,  0.056806415 
30, 6,  0.001324521,  0.045813732, 25234,  0.046433265,  0.047134773 
30, 7,  0.001348496,  0.051364960, 25234,  0.051979495,  0.052661012 
30, 8,  0.001458644,  0.051157128, 25234,  0.051763735,  0.052462666 
30, 9,  0.001251752,  0.052585233, 25234,  0.053201815,  0.054004725 
30, 10,  0.001293155,  0.055063758, 25234,  0.055681499,  0.056530147 
30, 11,  0.001397478,  0.052298852, 25234,  0.052919710,  0.053658495 
30, 12,  0.001279622,  0.052439758, 25234,  0.053054538,  0.053746869 
30, 13,  0.001265438,  0.057474505, 25234,  0.058086903,  0.058767272 
30, 14,  0.001311751,  0.042312916, 25234,  0.042921832,  0.043607779 
30, 15,  0.001383998,  0.045260797, 25234,  0.045890507,  0.046632299 
30, 16,  0.001336309,  0.054401348, 25234,  0.055040502,  0.055841595 
30, 17,  0.001306828,  0.047419528, 25234,  0.048043292,  0.048777447 
30, 18,  0.001282390,  0.053568368, 25234,  0.054186198,  0.054877239 
30, 19,  0.001269565,  0.055721029, 25234,  0.056359252,  0.057130317 
30, 20,  0.001298121,  0.051528570, 25234,  0.052136223,  0.052931000 
31, 1,  0.001583874,  0.053248588, 25234,  0.053888937,  0.054655533 
31, 2,  0.001438650,  0.053334525, 25234,  0.053950337,  0.054713655 
31, 3,  0.001504454,  0.051825831, 25234,  0.052447205,  0.053220484 
31, 4,  0.001407770,  0.048006202, 25234,  0.048618072,  0.049369036 
31, 5,  0.001315901,  0.054957240, 25234,  0.055568127,  0.056328076 
31, 6,  0.001357783,  0.052413462, 25234,  0.053025499,  0.053700501 
31, 7,  0.001401603,  0.049907378, 25234,  0.050557525,  0.051311840 
31, 8,  0.001269003,  0.055693896, 25234,  0.056327025,  0.057056820 
31, 9,  0.001370635,  0.047326802, 25234,  0.047932397,  0.048606095 
31, 10,  0.001323138,  0.052892472, 25234,  0.053512521,  0.054216288 
31, 11,  0.001272075,  0.052935220, 25234,  0.053546657,  0.054261189 
31, 12,  0.001286389,  0.046371268, 25234,  0.046993877,  0.047787858 
31, 13,  0.001283686,  0.055466504, 25234,  0.056158812,  0.056942354 
31, 14,  0.001354779,  0.054571082, 25234,  0.055183746,  0.055896194 
31, 15,  0.001358855,  0.054232132, 25234,  0.054953029,  0.055660933 
31, 16,  0.001288418,  0.049257572, 25234,  0.049863212,  0.050566068 
31, 17,  0.001450120,  0.047287117, 25234,  0.047894786,  0.048617970 
31, 18,  0.001277109,  0.048432141, 25234,  0.049039175,  0.049736098 
31, 19,  0.001331755,  0.052636753, 25234,  0.053256341,  0.053935996 
31, 20,  0.001366191,  0.053070599, 25234,  0.053680452,  0.054470070 
32, 1,  0.001335299,  0.055709701, 25234,  0.056324621,  0.057061084 
32, 2,  0.001315315,  0.053598200, 25234,  0.054121725,  0.054763892 
32, 3,  0.001158370,  0.040988206, 25234,  0.041489680,  0.042121725 
32, 4,  0.001207235,  0.034748582, 25234,  0.035246879,  0.035875137 
32, 5,  0.001133475,  0.040243649, 25234,  0.040752218,  0.041398945 
32, 6,  0.001098401,  0.039385509, 25234,  0.039920455,  0.040606865 
32, 7,  0.001099672,  0.036971965, 25234,  0.037478762,  0.038201659 
32, 8,  0.001122503,  0.040101554, 25234,  0.040690429,  0.041369646 
32, 9,  0.001083815,  0.034084198, 25234,  0.034578542,  0.035172372 
32, 10,  0.001096755,  0.038644522, 25234,  0.039161708,  0.039776480 
32, 11,  0.001087472,  0.035609058, 25234,  0.036105385,  0.036741779 
32, 12,  0.001084938,  0.038761576, 25234,  0.039288515,  0.039868685 
32, 13,  0.001172115,  0.034556552, 25234,  0.035049065,  0.035609221 
32, 14,  0.001135593,  0.042349267, 25234,  0.042917829,  0.043537190 
32, 15,  0.001111260,  0.035811946, 25234,  0.036314792,  0.036885096 
32, 16,  0.001109055,  0.042626225, 25234,  0.043377321,  0.044253629 
32, 17,  0.001605077,  0.049192113, 25234,  0.049763214,  0.050420162 
32, 18,  0.001230872,  0.036424402, 25234,  0.036919700,  0.037484857 
32, 19,  0.001132101,  0.034253169, 25234,  0.034744385,  0.035332083 
32, 20,  0.001093059,  0.034060528, 25234,  0.034566765,  0.035169078 
33, 1,  0.001093195,  0.035398152, 25234,  0.035922395,  0.036551953 
33, 2,  0.001100818,  0.034276790, 25234,  0.034769068,  0.035318868 
33, 3,  0.001156292,  0.032721311, 25234,  0.033217705,  0.033786579 
33, 4,  0.001133932,  0.032653941, 25234,  0.033153341,  0.033727412 
33, 5,  0.001126683,  0.036191499, 25234,  0.036695980,  0.037274699 
33, 6,  0.001077655,  0.034020872, 25234,  0.034517915,  0.035217600 
33, 7,  0.001138542,  0.034432704, 25234,  0.034925307,  0.035528840 
33, 8,  0.001113832,  0.034881368, 25234,  0.035379414,  0.035941943 
33, 9,  0.001085735,  0.034126633, 25234,  0.034635767,  0.035214169 
33, 10,  0.001165325,  0.033893654, 25234,  0.034396103,  0.034985534 
33, 11,  0.001085564,  0.034178879, 25234,  0.034674909,  0.035301825 
33, 12,  0.001154908,  0.035835073, 25234,  0.036337182,  0.036894543 
33, 13,  0.001173406,  0.037475714, 25234,  0.037970629,  0.038582708 
33, 14,  0.001156395,  0.039639858, 25234,  0.040134614,  0.040719275 
33, 15,  0.001100313,  0.037878037, 25234,  0.038376562,  0.038959708 
33, 16,  0.001136360,  0.036082255, 25234,  0.036579668,  0.037141095 
33, 17,  0.001162923,  0.034232992, 25234,  0.034726764,  0.035342205 
33, 18,  0.001073480,  0.034857968, 25234,  0.035351608,  0.035914544 
33, 19,  0.001096330,  0.037640983, 25234,  0.038137740,  0.038779928 
33, 20,  0.001169518,  0.038125978, 25234,  0.038626195,  0.039193784 
34, 1,  0.001064816,  0.034261809, 25234,  0.034788930,  0.035398966 
34, 2,  0.001123505,  0.034447125, 25234,  0.034946646,  0.035549749 
34, 3,  0.001104452,  0.034147502, 25234,  0.034652098,  0.035216517 
34, 4,  0.001074253,  0.041274206, 25234,  0.041767402,  0.042332326 
34, 5,  0.001232383,  0.036088806, 25234,  0.036593413,  0.037157658 
34, 6,  0.001078312,  0.034677506, 25234,  0.035172302,  0.035768239 
34, 7,  0.001118130,  0.033284260, 25234,  0.033777868,  0.034341114 
34, 8,  0.001088158,  0.034386737, 25234,  0.034886533,  0.035474691 
34, 9,  0.001084203,  0.034149102, 25234,  0.034644325,  0.035213004 
34, 10,  0.001092877,  0.034995461, 25234,  0.035508362,  0.036074320 
34, 11,  0.001221081,  0.034972788, 25234,  0.035512287,  0.036159314 
34, 12,  0.001090692,  0.033575802, 25234,  0.034079789,  0.034649138 
34, 13,  0.001115480,  0.035560335, 25234,  0.036056906,  0.036691437 
34, 14,  0.001114143,  0.037625415, 25234,  0.038119871,  0.038695499 
34, 15,  0.001193458,  0.054605772, 25234,  0.055389085,  0.056355115 
34, 16,  0.001585236,  0.048239587, 25234,  0.048741289,  0.049371808 
34, 17,  0.001110724,  0.038605253, 25234,  0.039104833,  0.039660456 
34, 18,  0.001160244,  0.034354720, 25234,  0.034855798,  0.035421946 
34, 19,  0.001132178,  0.033750693, 25234,  0.034242764,  0.034821822 
34, 20,  0.001079862,  0.036678368, 25234,  0.037213741,  0.037887612 
35, 1,  0.001149207,  0.038378608, 25234,  0.038873598,  0.039478395 
35, 2,  0.001205112,  0.038541556, 25234,  0.039067651,  0.039678993 
35, 3,  0.001967203,  0.036519434, 25234,  0.037012180,  0.037587626 
35, 4,  0.001075218,  0.040831410, 25234,  0.041328865,  0.041907262 
35, 5,  0.001089305,  0.034347295, 25234,  0.034864255,  0.035426138 
35, 6,  0.001062838,  0.033616338, 25234,  0.034126996,  0.034695175 
35, 7,  0.001102171,  0.038682859, 25234,  0.039197062,  0.039799258 
35, 8,  0.001089526,  0.036086249, 25234,  0.036579953,  0.037157736 
35, 9,  0.001074197,  0.042450716, 25234,  0.042994122,  0.043670658 
35, 10,  0.001201931,  0.044796464, 25234,  0.045588736,  0.046522434 
35, 11,  0.001586676,  0.049892205, 25234,  0.050478843,  0.051130213 
35, 12,  0.001345762,  0.038311199, 25234,  0.038804573,  0.039400645 
35, 13,  0.001156948,  0.032027360, 25234,  0.032517515,  0.033094809 
35, 14,  0.001104564,  0.035803762, 25234,  0.036298845,  0.036872748 
35, 15,  0.001088599,  0.036219896, 25234,  0.036715561,  0.037305413 
35, 16,  0.001084534,  0.034653874, 25234,  0.035158812,  0.035725985 
35, 17,  0.001095280,  0.038065492, 25234,  0.038559122,  0.039126104 
35, 18,  0.001198530,  0.035906701, 25234,  0.036403888,  0.036958813 
35, 19,  0.001143658,  0.038444963, 25234,  0.038972884,  0.039614088 
35, 20,  0.001083706,  0.033189325, 25234,  0.033685298,  0.034225690 
36, 1,  0.001103024,  0.034361596, 25234,  0.034859787,  0.035557104 
36, 2,  0.001153278,  0.033246980, 25234,  0.033748938,  0.034387418 
36, 3,  0.001137848,  0.034209548, 25234,  0.034715229,  0.035293344 
36, 4,  0.001067395,  0.040681714, 25234,  0.041287991,  0.041944736 
36, 5,  0.001309255,  0.042855214, 25234,  0.043462552,  0.044111150 
36, 6,  0.001345270,  0.044358624, 25234,  0.044970118,  0.045601606 
36, 7,  0.001287343,  0.044810742, 25234,  0.045419347,  0.046118588 
36, 8,  0.001298321,  0.044965192, 25234,  0.045577064,  0.046315495 
36, 9,  0.001372497,  0.047173323, 25234,  0.047781288,  0.048413286 
36, 10,  0.001334779,  0.046746471, 25234,  0.047356061,  0.048032703 
36, 11,  0.001321310,  0.047384170, 25234,  0.047996368,  0.048632365 
36, 12,  0.001303738,  0.046435678, 25234,  0.047043372,  0.047689429 
36, 13,  0.001283772,  0.046247894, 25234,  0.046853428,  0.047521519 
36, 14,  0.001283832,  0.047364308, 25234,  0.047970232,  0.048630173 
36, 15,  0.001354197,  0.044184988, 25234,  0.044804983,  0.045484927 
36, 16,  0.001304776,  0.042974993, 25234,  0.043582395,  0.044233238 
36, 17,  0.001308986,  0.044563516, 25234,  0.045176152,  0.045843581 
36, 18,  0.001307345,  0.044480656, 25234,  0.045109177,  0.045761932 
36, 19,  0.001302770,  0.048016415, 25234,  0.048624173,  0.049292835 
36, 20,  0.001272645,  0.047309810, 25234,  0.047916515,  0.048596048 
